id,1st_neuron,2nd_neuron,3rd_neuron,4th_neuron,5th_neuron,6th_neuron,7th_neuron,8th_neuron,9th_neuron,10th_neuron
1,51,52,53,54,55,56,57,58,59,60
2,52,53,54,55,56,57,58,59,60,61
3,53,54,55,56,57,58,59,60,61,62
4,54,55,56,57,58,59,60,61,62,63
5,55,56,57,58,59,60,61,62,63,64
6,56,57,58,59,60,61,62,63,64,65
7,57,58,59,60,61,62,63,64,65,66
8,58,59,60,61,62,63,64,65,66,67
9,59,60,61,62,63,64,65,66,67,68
10,60,61,62,63,64,65,66,67,68,69
11,61,62,63,64,65,66,67,68,69,70
12,62,63,64,65,66,67,68,69,70,71
13,63,64,65,66,67,68,69,70,71,72
14,64,65,66,67,68,69,70,71,72,73
15,65,66,67,68,69,70,71,72,73,74
16,66,67,68,69,70,71,72,73,74,75
17,67,68,69,70,71,72,73,74,75,76
18,68,69,70,71,72,73,74,75,76,77
19,69,70,71,72,73,74,75,76,77,78
20,70,71,72,73,74,75,76,77,78,79
21,71,72,73,74,75,76,77,78,79,80
22,72,73,74,75,76,77,78,79,80,81
23,73,74,75,76,77,78,79,80,81,82
24,74,75,76,77,78,79,80,81,82,83
25,75,76,77,78,79,80,81,82,83,84
26,76,77,78,79,80,81,82,83,84,85
27,77,78,79,80,81,82,83,84,85,86
28,78,79,80,81,82,83,84,85,86,87
29,79,80,81,82,83,84,85,86,87,88
30,80,81,82,83,84,85,86,87,88,89
31,81,82,83,84,85,86,87,88,89,90
32,82,83,84,85,86,87,88,89,90,91
33,83,84,85,86,87,88,89,90,91,92
34,84,85,86,87,88,89,90,91,92,93
35,85,86,87,88,89,90,91,92,93,94
36,86,87,88,89,90,91,92,93,94,95
37,87,88,89,90,91,92,93,94,95,96
38,88,89,90,91,92,93,94,95,96,97
39,89,90,91,92,93,94,95,96,97,98
40,90,91,92,93,94,95,96,97,98,99
41,91,92,93,94,95,96,97,98,99,100
42,92,93,94,95,96,97,98,99,100,101
43,93,94,95,96,97,98,99,100,101,102
44,94,95,96,97,98,99,100,101,102,103
45,95,96,97,98,99,100,101,102,103,104
46,96,97,98,99,100,101,102,103,104,105
47,97,98,99,100,101,102,103,104,105,106
48,98,99,100,101,102,103,104,105,106,107
49,99,100,101,102,103,104,105,106,107,108
50,100,101,102,103,104,105,106,107,108,109
51,101,102,103,104,105,106,107,108,109,110
52,102,103,104,105,106,107,108,109,110,111
53,103,104,105,106,107,108,109,110,111,112
54,104,105,106,107,108,109,110,111,112,113
55,105,106,107,108,109,110,111,112,113,114
56,106,107,108,109,110,111,112,113,114,115
57,107,108,109,110,111,112,113,114,115,116
58,108,109,110,111,112,113,114,115,116,117
59,109,110,111,112,113,114,115,116,117,118
60,110,111,112,113,114,115,116,117,118,119
61,111,112,113,114,115,116,117,118,119,120
62,112,113,114,115,116,117,118,119,120,121
63,113,114,115,116,117,118,119,120,121,122
64,114,115,116,117,118,119,120,121,122,123
65,115,116,117,118,119,120,121,122,123,124
66,116,117,118,119,120,121,122,123,124,125
67,117,118,119,120,121,122,123,124,125,126
68,118,119,120,121,122,123,124,125,126,127
69,119,120,121,122,123,124,125,126,127,128
70,120,121,122,123,124,125,126,127,128,129
71,121,122,123,124,125,126,127,128,129,130
72,122,123,124,125,126,127,128,129,130,131
73,123,124,125,126,127,128,129,130,131,132
74,124,125,126,127,128,129,130,131,132,133
75,125,126,127,128,129,130,131,132,133,134
76,126,127,128,129,130,131,132,133,134,135
77,127,128,129,130,131,132,133,134,135,136
78,128,129,130,131,132,133,134,135,136,137
79,129,130,131,132,133,134,135,136,137,138
80,130,131,132,133,134,135,136,137,138,139
81,131,132,133,134,135,136,137,138,139,140
82,132,133,134,135,136,137,138,139,140,141
83,133,134,135,136,137,138,139,140,141,142
84,134,135,136,137,138,139,140,141,142,143
85,135,136,137,138,139,140,141,142,143,144
86,136,137,138,139,140,141,142,143,144,145
87,137,138,139,140,141,142,143,144,145,146
88,138,139,140,141,142,143,144,145,146,147
89,139,140,141,142,143,144,145,146,147,148
90,140,141,142,143,144,145,146,147,148,149
91,141,142,143,144,145,146,147,148,149,150
92,142,143,144,145,146,147,148,149,150,151
93,143,144,145,146,147,148,149,150,151,152
94,144,145,146,147,148,149,150,151,152,153
95,145,146,147,148,149,150,151,152,153,154
96,146,147,148,149,150,151,152,153,154,155
97,147,148,149,150,151,152,153,154,155,156
98,148,149,150,151,152,153,154,155,156,157
99,149,150,151,152,153,154,155,156,157,158
100,150,151,152,153,154,155,156,157,158,159
101,151,152,153,154,155,156,157,158,159,160
102,152,153,154,155,156,157,158,159,160,161
103,153,154,155,156,157,158,159,160,161,162
104,154,155,156,157,158,159,160,161,162,163
105,155,156,157,158,159,160,161,162,163,164
106,156,157,158,159,160,161,162,163,164,165
107,157,158,159,160,161,162,163,164,165,166
108,158,159,160,161,162,163,164,165,166,167
109,159,160,161,162,163,164,165,166,167,168
110,160,161,162,163,164,165,166,167,168,169
111,161,162,163,164,165,166,167,168,169,170
112,162,163,164,165,166,167,168,169,170,171
113,163,164,165,166,167,168,169,170,171,172
114,164,165,166,167,168,169,170,171,172,173
115,165,166,167,168,169,170,171,172,173,174
116,166,167,168,169,170,171,172,173,174,175
117,167,168,169,170,171,172,173,174,175,176
118,168,169,170,171,172,173,174,175,176,177
119,169,170,171,172,173,174,175,176,177,178
120,170,171,172,173,174,175,176,177,178,179
121,171,172,173,174,175,176,177,178,179,180
122,172,173,174,175,176,177,178,179,180,181
123,173,174,175,176,177,178,179,180,181,182
124,174,175,176,177,178,179,180,181,182,183
125,175,176,177,178,179,180,181,182,183,184
126,176,177,178,179,180,181,182,183,184,185
127,177,178,179,180,181,182,183,184,185,186
128,178,179,180,181,182,183,184,185,186,187
129,179,180,181,182,183,184,185,186,187,188
130,180,181,182,183,184,185,186,187,188,189
131,181,182,183,184,185,186,187,188,189,190
132,182,183,184,185,186,187,188,189,190,191
133,183,184,185,186,187,188,189,190,191,192
134,184,185,186,187,188,189,190,191,192,193
135,185,186,187,188,189,190,191,192,193,194
136,186,187,188,189,190,191,192,193,194,195
137,187,188,189,190,191,192,193,194,195,196
138,188,189,190,191,192,193,194,195,196,197
139,189,190,191,192,193,194,195,196,197,198
140,190,191,192,193,194,195,196,197,198,199
141,191,192,193,194,195,196,197,198,199,200
142,192,193,194,195,196,197,198,199,200,201
143,193,194,195,196,197,198,199,200,201,202
144,194,195,196,197,198,199,200,201,202,203
145,195,196,197,198,199,200,201,202,203,204
146,196,197,198,199,200,201,202,203,204,205
147,197,198,199,200,201,202,203,204,205,206
148,198,199,200,201,202,203,204,205,206,207
149,199,200,201,202,203,204,205,206,207,208
150,200,201,202,203,204,205,206,207,208,209
151,201,202,203,204,205,206,207,208,209,210
152,202,203,204,205,206,207,208,209,210,211
153,203,204,205,206,207,208,209,210,211,212
154,204,205,206,207,208,209,210,211,212,213
155,205,206,207,208,209,210,211,212,213,214
156,206,207,208,209,210,211,212,213,214,215
157,207,208,209,210,211,212,213,214,215,216
158,208,209,210,211,212,213,214,215,216,217
159,209,210,211,212,213,214,215,216,217,218
160,210,211,212,213,214,215,216,217,218,219
161,211,212,213,214,215,216,217,218,219,220
162,212,213,214,215,216,217,218,219,220,221
163,213,214,215,216,217,218,219,220,221,222
164,214,215,216,217,218,219,220,221,222,223
165,215,216,217,218,219,220,221,222,223,224
166,216,217,218,219,220,221,222,223,224,225
167,217,218,219,220,221,222,223,224,225,226
168,218,219,220,221,222,223,224,225,226,227
169,219,220,221,222,223,224,225,226,227,228
170,220,221,222,223,224,225,226,227,228,229
171,221,222,223,224,225,226,227,228,229,230
172,222,223,224,225,226,227,228,229,230,231
173,223,224,225,226,227,228,229,230,231,232
174,224,225,226,227,228,229,230,231,232,233
175,225,226,227,228,229,230,231,232,233,234
176,226,227,228,229,230,231,232,233,234,235
177,227,228,229,230,231,232,233,234,235,236
178,228,229,230,231,232,233,234,235,236,237
179,229,230,231,232,233,234,235,236,237,238
180,230,231,232,233,234,235,236,237,238,239
181,231,232,233,234,235,236,237,238,239,240
182,232,233,234,235,236,237,238,239,240,241
183,233,234,235,236,237,238,239,240,241,242
184,234,235,236,237,238,239,240,241,242,243
185,235,236,237,238,239,240,241,242,243,244
186,236,237,238,239,240,241,242,243,244,245
187,237,238,239,240,241,242,243,244,245,246
188,238,239,240,241,242,243,244,245,246,247
189,239,240,241,242,243,244,245,246,247,248
190,240,241,242,243,244,245,246,247,248,249
191,241,242,243,244,245,246,247,248,249,250
192,242,243,244,245,246,247,248,249,250,251
193,243,244,245,246,247,248,249,250,251,252
194,244,245,246,247,248,249,250,251,252,253
195,245,246,247,248,249,250,251,252,253,254
196,246,247,248,249,250,251,252,253,254,255
197,247,248,249,250,251,252,253,254,255,256
198,248,249,250,251,252,253,254,255,256,257
199,249,250,251,252,253,254,255,256,257,258
200,250,251,252,253,254,255,256,257,258,259
201,251,252,253,254,255,256,257,258,259,260
202,252,253,254,255,256,257,258,259,260,261
203,253,254,255,256,257,258,259,260,261,262
204,254,255,256,257,258,259,260,261,262,263
205,255,256,257,258,259,260,261,262,263,264
206,256,257,258,259,260,261,262,263,264,265
207,257,258,259,260,261,262,263,264,265,266
208,258,259,260,261,262,263,264,265,266,267
209,259,260,261,262,263,264,265,266,267,268
210,260,261,262,263,264,265,266,267,268,269
211,261,262,263,264,265,266,267,268,269,270
212,262,263,264,265,266,267,268,269,270,271
213,263,264,265,266,267,268,269,270,271,272
214,264,265,266,267,268,269,270,271,272,273
215,265,266,267,268,269,270,271,272,273,274
216,266,267,268,269,270,271,272,273,274,275
217,267,268,269,270,271,272,273,274,275,276
218,268,269,270,271,272,273,274,275,276,277
219,269,270,271,272,273,274,275,276,277,278
220,270,271,272,273,274,275,276,277,278,279
221,271,272,273,274,275,276,277,278,279,280
222,272,273,274,275,276,277,278,279,280,281
223,273,274,275,276,277,278,279,280,281,282
224,274,275,276,277,278,279,280,281,282,283
225,275,276,277,278,279,280,281,282,283,284
226,276,277,278,279,280,281,282,283,284,285
227,277,278,279,280,281,282,283,284,285,286
228,278,279,280,281,282,283,284,285,286,287
229,279,280,281,282,283,284,285,286,287,288
230,280,281,282,283,284,285,286,287,288,289
231,281,282,283,284,285,286,287,288,289,290
232,282,283,284,285,286,287,288,289,290,291
233,283,284,285,286,287,288,289,290,291,292
234,284,285,286,287,288,289,290,291,292,293
235,285,286,287,288,289,290,291,292,293,294
236,286,287,288,289,290,291,292,293,294,295
237,287,288,289,290,291,292,293,294,295,296
238,288,289,290,291,292,293,294,295,296,297
239,289,290,291,292,293,294,295,296,297,298
240,290,291,292,293,294,295,296,297,298,299
241,291,292,293,294,295,296,297,298,299,300
242,292,293,294,295,296,297,298,299,300,301
243,293,294,295,296,297,298,299,300,301,302
244,294,295,296,297,298,299,300,301,302,303
245,295,296,297,298,299,300,301,302,303,304
246,296,297,298,299,300,301,302,303,304,305
247,297,298,299,300,301,302,303,304,305,306
248,298,299,300,301,302,303,304,305,306,307
249,299,300,301,302,303,304,305,306,307,308
250,300,301,302,303,304,305,306,307,308,309
251,301,302,303,304,305,306,307,308,309,310
252,302,303,304,305,306,307,308,309,310,311
253,303,304,305,306,307,308,309,310,311,312
254,304,305,306,307,308,309,310,311,312,313
255,305,306,307,308,309,310,311,312,313,314
256,306,307,308,309,310,311,312,313,314,315
257,307,308,309,310,311,312,313,314,315,316
258,308,309,310,311,312,313,314,315,316,317
259,309,310,311,312,313,314,315,316,317,318
260,310,311,312,313,314,315,316,317,318,319
261,311,312,313,314,315,316,317,318,319,320
262,312,313,314,315,316,317,318,319,320,321
263,313,314,315,316,317,318,319,320,321,322
264,314,315,316,317,318,319,320,321,322,323
265,315,316,317,318,319,320,321,322,323,324
266,316,317,318,319,320,321,322,323,324,325
267,317,318,319,320,321,322,323,324,325,326
268,318,319,320,321,322,323,324,325,326,327
269,319,320,321,322,323,324,325,326,327,328
270,320,321,322,323,324,325,326,327,328,329
271,321,322,323,324,325,326,327,328,329,330
272,322,323,324,325,326,327,328,329,330,331
273,323,324,325,326,327,328,329,330,331,332
274,324,325,326,327,328,329,330,331,332,333
275,325,326,327,328,329,330,331,332,333,334
276,326,327,328,329,330,331,332,333,334,335
277,327,328,329,330,331,332,333,334,335,336
278,328,329,330,331,332,333,334,335,336,337
279,329,330,331,332,333,334,335,336,337,338
280,330,331,332,333,334,335,336,337,338,339
281,331,332,333,334,335,336,337,338,339,340
282,332,333,334,335,336,337,338,339,340,341
283,333,334,335,336,337,338,339,340,341,342
284,334,335,336,337,338,339,340,341,342,343
285,335,336,337,338,339,340,341,342,343,344
286,336,337,338,339,340,341,342,343,344,345
287,337,338,339,340,341,342,343,344,345,346
288,338,339,340,341,342,343,344,345,346,347
289,339,340,341,342,343,344,345,346,347,348
290,340,341,342,343,344,345,346,347,348,349
291,341,342,343,344,345,346,347,348,349,350
292,342,343,344,345,346,347,348,349,350,351
293,343,344,345,346,347,348,349,350,351,352
294,344,345,346,347,348,349,350,351,352,353
295,345,346,347,348,349,350,351,352,353,354
296,346,347,348,349,350,351,352,353,354,355
297,347,348,349,350,351,352,353,354,355,356
298,348,349,350,351,352,353,354,355,356,357
299,349,350,351,352,353,354,355,356,357,358
300,350,351,352,353,354,355,356,357,358,359
301,351,352,353,354,355,356,357,358,359,360
302,352,353,354,355,356,357,358,359,360,361
303,353,354,355,356,357,358,359,360,361,362
304,354,355,356,357,358,359,360,361,362,363
305,355,356,357,358,359,360,361,362,363,364
306,356,357,358,359,360,361,362,363,364,365
307,357,358,359,360,361,362,363,364,365,366
308,358,359,360,361,362,363,364,365,366,367
309,359,360,361,362,363,364,365,366,367,368
310,360,361,362,363,364,365,366,367,368,369
311,361,362,363,364,365,366,367,368,369,370
312,362,363,364,365,366,367,368,369,370,371
313,363,364,365,366,367,368,369,370,371,372
314,364,365,366,367,368,369,370,371,372,373
315,365,366,367,368,369,370,371,372,373,374
316,366,367,368,369,370,371,372,373,374,375
317,367,368,369,370,371,372,373,374,375,376
318,368,369,370,371,372,373,374,375,376,377
319,369,370,371,372,373,374,375,376,377,378
320,370,371,372,373,374,375,376,377,378,379
321,371,372,373,374,375,376,377,378,379,380
322,372,373,374,375,376,377,378,379,380,381
323,373,374,375,376,377,378,379,380,381,382
324,374,375,376,377,378,379,380,381,382,383
325,375,376,377,378,379,380,381,382,383,384
326,376,377,378,379,380,381,382,383,384,385
327,377,378,379,380,381,382,383,384,385,386
328,378,379,380,381,382,383,384,385,386,387
329,379,380,381,382,383,384,385,386,387,388
330,380,381,382,383,384,385,386,387,388,389
331,381,382,383,384,385,386,387,388,389,390
332,382,383,384,385,386,387,388,389,390,391
333,383,384,385,386,387,388,389,390,391,392
334,384,385,386,387,388,389,390,391,392,393
335,385,386,387,388,389,390,391,392,393,394
336,386,387,388,389,390,391,392,393,394,395
337,387,388,389,390,391,392,393,394,395,396
338,388,389,390,391,392,393,394,395,396,397
339,389,390,391,392,393,394,395,396,397,398
340,390,391,392,393,394,395,396,397,398,399
341,391,392,393,394,395,396,397,398,399,400
342,392,393,394,395,396,397,398,399,400,401
343,393,394,395,396,397,398,399,400,401,402
344,394,395,396,397,398,399,400,401,402,403
345,395,396,397,398,399,400,401,402,403,404
346,396,397,398,399,400,401,402,403,404,405
347,397,398,399,400,401,402,403,404,405,406
348,398,399,400,401,402,403,404,405,406,407
349,399,400,401,402,403,404,405,406,407,408
350,400,401,402,403,404,405,406,407,408,409
351,401,402,403,404,405,406,407,408,409,410
352,402,403,404,405,406,407,408,409,410,411
353,403,404,405,406,407,408,409,410,411,412
354,404,405,406,407,408,409,410,411,412,413
355,405,406,407,408,409,410,411,412,413,414
356,406,407,408,409,410,411,412,413,414,415
357,407,408,409,410,411,412,413,414,415,416
358,408,409,410,411,412,413,414,415,416,417
359,409,410,411,412,413,414,415,416,417,418
360,410,411,412,413,414,415,416,417,418,419
361,411,412,413,414,415,416,417,418,419,420
362,412,413,414,415,416,417,418,419,420,421
363,413,414,415,416,417,418,419,420,421,422
364,414,415,416,417,418,419,420,421,422,423
365,415,416,417,418,419,420,421,422,423,424
366,416,417,418,419,420,421,422,423,424,425
367,417,418,419,420,421,422,423,424,425,426
368,418,419,420,421,422,423,424,425,426,427
369,419,420,421,422,423,424,425,426,427,428
370,420,421,422,423,424,425,426,427,428,429
371,421,422,423,424,425,426,427,428,429,430
372,422,423,424,425,426,427,428,429,430,431
373,423,424,425,426,427,428,429,430,431,432
374,424,425,426,427,428,429,430,431,432,433
375,425,426,427,428,429,430,431,432,433,434
376,426,427,428,429,430,431,432,433,434,435
377,427,428,429,430,431,432,433,434,435,436
378,428,429,430,431,432,433,434,435,436,437
379,429,430,431,432,433,434,435,436,437,438
380,430,431,432,433,434,435,436,437,438,439
381,431,432,433,434,435,436,437,438,439,440
382,432,433,434,435,436,437,438,439,440,441
383,433,434,435,436,437,438,439,440,441,442
384,434,435,436,437,438,439,440,441,442,443
385,435,436,437,438,439,440,441,442,443,444
386,436,437,438,439,440,441,442,443,444,445
387,437,438,439,440,441,442,443,444,445,446
388,438,439,440,441,442,443,444,445,446,447
389,439,440,441,442,443,444,445,446,447,448
390,440,441,442,443,444,445,446,447,448,449
391,441,442,443,444,445,446,447,448,449,450
392,442,443,444,445,446,447,448,449,450,451
393,443,444,445,446,447,448,449,450,451,452
394,444,445,446,447,448,449,450,451,452,453
395,445,446,447,448,449,450,451,452,453,454
396,446,447,448,449,450,451,452,453,454,455
397,447,448,449,450,451,452,453,454,455,456
398,448,449,450,451,452,453,454,455,456,457
399,449,450,451,452,453,454,455,456,457,458
400,450,451,452,453,454,455,456,457,458,459
401,451,452,453,454,455,456,457,458,459,460
402,452,453,454,455,456,457,458,459,460,461
403,453,454,455,456,457,458,459,460,461,462
404,454,455,456,457,458,459,460,461,462,463
405,455,456,457,458,459,460,461,462,463,464
406,456,457,458,459,460,461,462,463,464,465
407,457,458,459,460,461,462,463,464,465,466
408,458,459,460,461,462,463,464,465,466,467
409,459,460,461,462,463,464,465,466,467,468
410,460,461,462,463,464,465,466,467,468,469
411,461,462,463,464,465,466,467,468,469,470
412,462,463,464,465,466,467,468,469,470,471
413,463,464,465,466,467,468,469,470,471,472
414,464,465,466,467,468,469,470,471,472,473
415,465,466,467,468,469,470,471,472,473,474
416,466,467,468,469,470,471,472,473,474,475
417,467,468,469,470,471,472,473,474,475,476
418,468,469,470,471,472,473,474,475,476,477
419,469,470,471,472,473,474,475,476,477,478
420,470,471,472,473,474,475,476,477,478,479
421,471,472,473,474,475,476,477,478,479,480
422,472,473,474,475,476,477,478,479,480,481
423,473,474,475,476,477,478,479,480,481,482
424,474,475,476,477,478,479,480,481,482,483
425,475,476,477,478,479,480,481,482,483,484
426,476,477,478,479,480,481,482,483,484,485
427,477,478,479,480,481,482,483,484,485,486
428,478,479,480,481,482,483,484,485,486,487
429,479,480,481,482,483,484,485,486,487,488
430,480,481,482,483,484,485,486,487,488,489
431,481,482,483,484,485,486,487,488,489,490
432,482,483,484,485,486,487,488,489,490,491
433,483,484,485,486,487,488,489,490,491,492
434,484,485,486,487,488,489,490,491,492,493
435,485,486,487,488,489,490,491,492,493,494
436,486,487,488,489,490,491,492,493,494,495
437,487,488,489,490,491,492,493,494,495,496
438,488,489,490,491,492,493,494,495,496,497
439,489,490,491,492,493,494,495,496,497,498
440,490,491,492,493,494,495,496,497,498,499
441,491,492,493,494,495,496,497,498,499,500
442,492,493,494,495,496,497,498,499,500,501
443,493,494,495,496,497,498,499,500,501,502
444,494,495,496,497,498,499,500,501,502,503
445,495,496,497,498,499,500,501,502,503,504
446,496,497,498,499,500,501,502,503,504,505
447,497,498,499,500,501,502,503,504,505,506
448,498,499,500,501,502,503,504,505,506,507
449,499,500,501,502,503,504,505,506,507,508
450,500,501,502,503,504,505,506,507,508,509
451,501,502,503,504,505,506,507,508,509,510
452,502,503,504,505,506,507,508,509,510,511
453,503,504,505,506,507,508,509,510,511,512
454,504,505,506,507,508,509,510,511,512,513
455,505,506,507,508,509,510,511,512,513,514
456,506,507,508,509,510,511,512,513,514,515
457,507,508,509,510,511,512,513,514,515,516
458,508,509,510,511,512,513,514,515,516,517
459,509,510,511,512,513,514,515,516,517,518
460,510,511,512,513,514,515,516,517,518,519
461,511,512,513,514,515,516,517,518,519,520
462,512,513,514,515,516,517,518,519,520,521
463,513,514,515,516,517,518,519,520,521,522
464,514,515,516,517,518,519,520,521,522,523
465,515,516,517,518,519,520,521,522,523,524
466,516,517,518,519,520,521,522,523,524,525
467,517,518,519,520,521,522,523,524,525,526
468,518,519,520,521,522,523,524,525,526,527
469,519,520,521,522,523,524,525,526,527,528
470,520,521,522,523,524,525,526,527,528,529
471,521,522,523,524,525,526,527,528,529,530
472,522,523,524,525,526,527,528,529,530,531
473,523,524,525,526,527,528,529,530,531,532
474,524,525,526,527,528,529,530,531,532,533
475,525,526,527,528,529,530,531,532,533,534
476,526,527,528,529,530,531,532,533,534,535
477,527,528,529,530,531,532,533,534,535,536
478,528,529,530,531,532,533,534,535,536,537
479,529,530,531,532,533,534,535,536,537,538
480,530,531,532,533,534,535,536,537,538,539
481,531,532,533,534,535,536,537,538,539,540
482,532,533,534,535,536,537,538,539,540,541
483,533,534,535,536,537,538,539,540,541,542
484,534,535,536,537,538,539,540,541,542,543
485,535,536,537,538,539,540,541,542,543,544
486,536,537,538,539,540,541,542,543,544,545
487,537,538,539,540,541,542,543,544,545,546
488,538,539,540,541,542,543,544,545,546,547
489,539,540,541,542,543,544,545,546,547,548
490,540,541,542,543,544,545,546,547,548,549
491,541,542,543,544,545,546,547,548,549,550
492,542,543,544,545,546,547,548,549,550,551
493,543,544,545,546,547,548,549,550,551,552
494,544,545,546,547,548,549,550,551,552,553
495,545,546,547,548,549,550,551,552,553,554
496,546,547,548,549,550,551,552,553,554,555
497,547,548,549,550,551,552,553,554,555,556
498,548,549,550,551,552,553,554,555,556,557
499,549,550,551,552,553,554,555,556,557,558
500,550,551,552,553,554,555,556,557,558,559
501,551,552,553,554,555,556,557,558,559,560
502,552,553,554,555,556,557,558,559,560,561
503,553,554,555,556,557,558,559,560,561,562
504,554,555,556,557,558,559,560,561,562,563
505,555,556,557,558,559,560,561,562,563,564
506,556,557,558,559,560,561,562,563,564,565
507,557,558,559,560,561,562,563,564,565,566
508,558,559,560,561,562,563,564,565,566,567
509,559,560,561,562,563,564,565,566,567,568
510,560,561,562,563,564,565,566,567,568,569
511,561,562,563,564,565,566,567,568,569,570
512,562,563,564,565,566,567,568,569,570,571
513,563,564,565,566,567,568,569,570,571,572
514,564,565,566,567,568,569,570,571,572,573
515,565,566,567,568,569,570,571,572,573,574
516,566,567,568,569,570,571,572,573,574,575
517,567,568,569,570,571,572,573,574,575,576
518,568,569,570,571,572,573,574,575,576,577
519,569,570,571,572,573,574,575,576,577,578
520,570,571,572,573,574,575,576,577,578,579
521,571,572,573,574,575,576,577,578,579,580
522,572,573,574,575,576,577,578,579,580,581
523,573,574,575,576,577,578,579,580,581,582
524,574,575,576,577,578,579,580,581,582,583
525,575,576,577,578,579,580,581,582,583,584
526,576,577,578,579,580,581,582,583,584,585
527,577,578,579,580,581,582,583,584,585,586
528,578,579,580,581,582,583,584,585,586,587
529,579,580,581,582,583,584,585,586,587,588
530,580,581,582,583,584,585,586,587,588,589
531,581,582,583,584,585,586,587,588,589,590
532,582,583,584,585,586,587,588,589,590,591
533,583,584,585,586,587,588,589,590,591,592
534,584,585,586,587,588,589,590,591,592,593
535,585,586,587,588,589,590,591,592,593,594
536,586,587,588,589,590,591,592,593,594,595
537,587,588,589,590,591,592,593,594,595,596
538,588,589,590,591,592,593,594,595,596,597
539,589,590,591,592,593,594,595,596,597,598
540,590,591,592,593,594,595,596,597,598,599
541,591,592,593,594,595,596,597,598,599,600
542,592,593,594,595,596,597,598,599,600,601
543,593,594,595,596,597,598,599,600,601,602
544,594,595,596,597,598,599,600,601,602,603
545,595,596,597,598,599,600,601,602,603,604
546,596,597,598,599,600,601,602,603,604,605
547,597,598,599,600,601,602,603,604,605,606
548,598,599,600,601,602,603,604,605,606,607
549,599,600,601,602,603,604,605,606,607,608
550,600,601,602,603,604,605,606,607,608,609
551,601,602,603,604,605,606,607,608,609,610
552,602,603,604,605,606,607,608,609,610,611
553,603,604,605,606,607,608,609,610,611,612
554,604,605,606,607,608,609,610,611,612,613
555,605,606,607,608,609,610,611,612,613,614
556,606,607,608,609,610,611,612,613,614,615
557,607,608,609,610,611,612,613,614,615,616
558,608,609,610,611,612,613,614,615,616,617
559,609,610,611,612,613,614,615,616,617,618
560,610,611,612,613,614,615,616,617,618,619
561,611,612,613,614,615,616,617,618,619,620
562,612,613,614,615,616,617,618,619,620,621
563,613,614,615,616,617,618,619,620,621,622
564,614,615,616,617,618,619,620,621,622,623
565,615,616,617,618,619,620,621,622,623,624
566,616,617,618,619,620,621,622,623,624,625
567,617,618,619,620,621,622,623,624,625,626
568,618,619,620,621,622,623,624,625,626,627
569,619,620,621,622,623,624,625,626,627,628
570,620,621,622,623,624,625,626,627,628,629
571,621,622,623,624,625,626,627,628,629,630
572,622,623,624,625,626,627,628,629,630,631
573,623,624,625,626,627,628,629,630,631,632
574,624,625,626,627,628,629,630,631,632,633
575,625,626,627,628,629,630,631,632,633,634
576,626,627,628,629,630,631,632,633,634,635
577,627,628,629,630,631,632,633,634,635,636
578,628,629,630,631,632,633,634,635,636,637
579,629,630,631,632,633,634,635,636,637,638
580,630,631,632,633,634,635,636,637,638,639
581,631,632,633,634,635,636,637,638,639,640
582,632,633,634,635,636,637,638,639,640,641
583,633,634,635,636,637,638,639,640,641,642
584,634,635,636,637,638,639,640,641,642,643
585,635,636,637,638,639,640,641,642,643,644
586,636,637,638,639,640,641,642,643,644,645
587,637,638,639,640,641,642,643,644,645,646
588,638,639,640,641,642,643,644,645,646,647
589,639,640,641,642,643,644,645,646,647,648
590,640,641,642,643,644,645,646,647,648,649
591,641,642,643,644,645,646,647,648,649,650
592,642,643,644,645,646,647,648,649,650,651
593,643,644,645,646,647,648,649,650,651,652
594,644,645,646,647,648,649,650,651,652,653
595,645,646,647,648,649,650,651,652,653,654
596,646,647,648,649,650,651,652,653,654,655
597,647,648,649,650,651,652,653,654,655,656
598,648,649,650,651,652,653,654,655,656,657
599,649,650,651,652,653,654,655,656,657,658
600,650,651,652,653,654,655,656,657,658,659
601,651,652,653,654,655,656,657,658,659,660
602,652,653,654,655,656,657,658,659,660,661
603,653,654,655,656,657,658,659,660,661,662
604,654,655,656,657,658,659,660,661,662,663
605,655,656,657,658,659,660,661,662,663,664
606,656,657,658,659,660,661,662,663,664,665
607,657,658,659,660,661,662,663,664,665,666
608,658,659,660,661,662,663,664,665,666,667
609,659,660,661,662,663,664,665,666,667,668
610,660,661,662,663,664,665,666,667,668,669
611,661,662,663,664,665,666,667,668,669,670
612,662,663,664,665,666,667,668,669,670,671
613,663,664,665,666,667,668,669,670,671,672
614,664,665,666,667,668,669,670,671,672,673
615,665,666,667,668,669,670,671,672,673,674
616,666,667,668,669,670,671,672,673,674,675
617,667,668,669,670,671,672,673,674,675,676
618,668,669,670,671,672,673,674,675,676,677
619,669,670,671,672,673,674,675,676,677,678
620,670,671,672,673,674,675,676,677,678,679
621,671,672,673,674,675,676,677,678,679,680
622,672,673,674,675,676,677,678,679,680,681
623,673,674,675,676,677,678,679,680,681,682
624,674,675,676,677,678,679,680,681,682,683
625,675,676,677,678,679,680,681,682,683,684
626,676,677,678,679,680,681,682,683,684,685
627,677,678,679,680,681,682,683,684,685,686
628,678,679,680,681,682,683,684,685,686,687
629,679,680,681,682,683,684,685,686,687,688
630,680,681,682,683,684,685,686,687,688,689
631,681,682,683,684,685,686,687,688,689,690
632,682,683,684,685,686,687,688,689,690,691
633,683,684,685,686,687,688,689,690,691,692
634,684,685,686,687,688,689,690,691,692,693
635,685,686,687,688,689,690,691,692,693,694
636,686,687,688,689,690,691,692,693,694,695
637,687,688,689,690,691,692,693,694,695,696
638,688,689,690,691,692,693,694,695,696,697
639,689,690,691,692,693,694,695,696,697,698
640,690,691,692,693,694,695,696,697,698,699
641,691,692,693,694,695,696,697,698,699,700
642,692,693,694,695,696,697,698,699,700,701
643,693,694,695,696,697,698,699,700,701,702
644,694,695,696,697,698,699,700,701,702,703
645,695,696,697,698,699,700,701,702,703,704
646,696,697,698,699,700,701,702,703,704,705
647,697,698,699,700,701,702,703,704,705,706
648,698,699,700,701,702,703,704,705,706,707
649,699,700,701,702,703,704,705,706,707,708
650,700,701,702,703,704,705,706,707,708,709
651,701,702,703,704,705,706,707,708,709,710
652,702,703,704,705,706,707,708,709,710,711
653,703,704,705,706,707,708,709,710,711,712
654,704,705,706,707,708,709,710,711,712,713
655,705,706,707,708,709,710,711,712,713,714
656,706,707,708,709,710,711,712,713,714,715
657,707,708,709,710,711,712,713,714,715,716
658,708,709,710,711,712,713,714,715,716,717
659,709,710,711,712,713,714,715,716,717,718
660,710,711,712,713,714,715,716,717,718,719
661,711,712,713,714,715,716,717,718,719,720
662,712,713,714,715,716,717,718,719,720,721
663,713,714,715,716,717,718,719,720,721,722
664,714,715,716,717,718,719,720,721,722,723
665,715,716,717,718,719,720,721,722,723,724
666,716,717,718,719,720,721,722,723,724,725
667,717,718,719,720,721,722,723,724,725,726
668,718,719,720,721,722,723,724,725,726,727
669,719,720,721,722,723,724,725,726,727,728
670,720,721,722,723,724,725,726,727,728,729
671,721,722,723,724,725,726,727,728,729,730
672,722,723,724,725,726,727,728,729,730,731
673,723,724,725,726,727,728,729,730,731,732
674,724,725,726,727,728,729,730,731,732,733
675,725,726,727,728,729,730,731,732,733,734
676,726,727,728,729,730,731,732,733,734,735
677,727,728,729,730,731,732,733,734,735,736
678,728,729,730,731,732,733,734,735,736,737
679,729,730,731,732,733,734,735,736,737,738
680,730,731,732,733,734,735,736,737,738,739
681,731,732,733,734,735,736,737,738,739,740
682,732,733,734,735,736,737,738,739,740,741
683,733,734,735,736,737,738,739,740,741,742
684,734,735,736,737,738,739,740,741,742,743
685,735,736,737,738,739,740,741,742,743,744
686,736,737,738,739,740,741,742,743,744,745
687,737,738,739,740,741,742,743,744,745,746
688,738,739,740,741,742,743,744,745,746,747
689,739,740,741,742,743,744,745,746,747,748
690,740,741,742,743,744,745,746,747,748,749
691,741,742,743,744,745,746,747,748,749,750
692,742,743,744,745,746,747,748,749,750,751
693,743,744,745,746,747,748,749,750,751,752
694,744,745,746,747,748,749,750,751,752,753
695,745,746,747,748,749,750,751,752,753,754
696,746,747,748,749,750,751,752,753,754,755
697,747,748,749,750,751,752,753,754,755,756
698,748,749,750,751,752,753,754,755,756,757
699,749,750,751,752,753,754,755,756,757,758
700,750,751,752,753,754,755,756,757,758,759
701,751,752,753,754,755,756,757,758,759,760
702,752,753,754,755,756,757,758,759,760,761
703,753,754,755,756,757,758,759,760,761,762
704,754,755,756,757,758,759,760,761,762,763
705,755,756,757,758,759,760,761,762,763,764
706,756,757,758,759,760,761,762,763,764,765
707,757,758,759,760,761,762,763,764,765,766
708,758,759,760,761,762,763,764,765,766,767
709,759,760,761,762,763,764,765,766,767,768
710,760,761,762,763,764,765,766,767,768,769
711,761,762,763,764,765,766,767,768,769,770
712,762,763,764,765,766,767,768,769,770,771
713,763,764,765,766,767,768,769,770,771,772
714,764,765,766,767,768,769,770,771,772,773
715,765,766,767,768,769,770,771,772,773,774
716,766,767,768,769,770,771,772,773,774,775
717,767,768,769,770,771,772,773,774,775,776
718,768,769,770,771,772,773,774,775,776,777
719,769,770,771,772,773,774,775,776,777,778
720,770,771,772,773,774,775,776,777,778,779
721,771,772,773,774,775,776,777,778,779,780
722,772,773,774,775,776,777,778,779,780,781
723,773,774,775,776,777,778,779,780,781,782
724,774,775,776,777,778,779,780,781,782,783
725,775,776,777,778,779,780,781,782,783,784
726,776,777,778,779,780,781,782,783,784,785
727,777,778,779,780,781,782,783,784,785,786
728,778,779,780,781,782,783,784,785,786,787
729,779,780,781,782,783,784,785,786,787,788
730,780,781,782,783,784,785,786,787,788,789
731,781,782,783,784,785,786,787,788,789,790
732,782,783,784,785,786,787,788,789,790,791
733,783,784,785,786,787,788,789,790,791,792
734,784,785,786,787,788,789,790,791,792,793
735,785,786,787,788,789,790,791,792,793,794
736,786,787,788,789,790,791,792,793,794,795
737,787,788,789,790,791,792,793,794,795,796
738,788,789,790,791,792,793,794,795,796,797
739,789,790,791,792,793,794,795,796,797,798
740,790,791,792,793,794,795,796,797,798,799
741,791,792,793,794,795,796,797,798,799,800
742,792,793,794,795,796,797,798,799,800,801
743,793,794,795,796,797,798,799,800,801,802
744,794,795,796,797,798,799,800,801,802,803
745,795,796,797,798,799,800,801,802,803,804
746,796,797,798,799,800,801,802,803,804,805
747,797,798,799,800,801,802,803,804,805,806
748,798,799,800,801,802,803,804,805,806,807
749,799,800,801,802,803,804,805,806,807,808
750,800,801,802,803,804,805,806,807,808,809
751,801,802,803,804,805,806,807,808,809,810
752,802,803,804,805,806,807,808,809,810,811
753,803,804,805,806,807,808,809,810,811,812
754,804,805,806,807,808,809,810,811,812,813
755,805,806,807,808,809,810,811,812,813,814
756,806,807,808,809,810,811,812,813,814,815
757,807,808,809,810,811,812,813,814,815,816
758,808,809,810,811,812,813,814,815,816,817
759,809,810,811,812,813,814,815,816,817,818
760,810,811,812,813,814,815,816,817,818,819
761,811,812,813,814,815,816,817,818,819,820
762,812,813,814,815,816,817,818,819,820,821
763,813,814,815,816,817,818,819,820,821,822
764,814,815,816,817,818,819,820,821,822,823
765,815,816,817,818,819,820,821,822,823,824
766,816,817,818,819,820,821,822,823,824,825
767,817,818,819,820,821,822,823,824,825,826
768,818,819,820,821,822,823,824,825,826,827
769,819,820,821,822,823,824,825,826,827,828
770,820,821,822,823,824,825,826,827,828,829
771,821,822,823,824,825,826,827,828,829,830
772,822,823,824,825,826,827,828,829,830,831
773,823,824,825,826,827,828,829,830,831,832
774,824,825,826,827,828,829,830,831,832,833
775,825,826,827,828,829,830,831,832,833,834
776,826,827,828,829,830,831,832,833,834,835
777,827,828,829,830,831,832,833,834,835,836
778,828,829,830,831,832,833,834,835,836,837
779,829,830,831,832,833,834,835,836,837,838
780,830,831,832,833,834,835,836,837,838,839
781,831,832,833,834,835,836,837,838,839,840
782,832,833,834,835,836,837,838,839,840,841
783,833,834,835,836,837,838,839,840,841,842
784,834,835,836,837,838,839,840,841,842,843
785,835,836,837,838,839,840,841,842,843,844
786,836,837,838,839,840,841,842,843,844,845
787,837,838,839,840,841,842,843,844,845,846
788,838,839,840,841,842,843,844,845,846,847
789,839,840,841,842,843,844,845,846,847,848
790,840,841,842,843,844,845,846,847,848,849
791,841,842,843,844,845,846,847,848,849,850
792,842,843,844,845,846,847,848,849,850,851
793,843,844,845,846,847,848,849,850,851,852
794,844,845,846,847,848,849,850,851,852,853
795,845,846,847,848,849,850,851,852,853,854
796,846,847,848,849,850,851,852,853,854,855
797,847,848,849,850,851,852,853,854,855,856
798,848,849,850,851,852,853,854,855,856,857
799,849,850,851,852,853,854,855,856,857,858
800,850,851,852,853,854,855,856,857,858,859
801,851,852,853,854,855,856,857,858,859,860
802,852,853,854,855,856,857,858,859,860,861
803,853,854,855,856,857,858,859,860,861,862
804,854,855,856,857,858,859,860,861,862,863
805,855,856,857,858,859,860,861,862,863,864
806,856,857,858,859,860,861,862,863,864,865
807,857,858,859,860,861,862,863,864,865,866
808,858,859,860,861,862,863,864,865,866,867
809,859,860,861,862,863,864,865,866,867,868
810,860,861,862,863,864,865,866,867,868,869
811,861,862,863,864,865,866,867,868,869,870
812,862,863,864,865,866,867,868,869,870,871
813,863,864,865,866,867,868,869,870,871,872
814,864,865,866,867,868,869,870,871,872,873
815,865,866,867,868,869,870,871,872,873,874
816,866,867,868,869,870,871,872,873,874,875
817,867,868,869,870,871,872,873,874,875,876
818,868,869,870,871,872,873,874,875,876,877
819,869,870,871,872,873,874,875,876,877,878
820,870,871,872,873,874,875,876,877,878,879
821,871,872,873,874,875,876,877,878,879,880
822,872,873,874,875,876,877,878,879,880,881
823,873,874,875,876,877,878,879,880,881,882
824,874,875,876,877,878,879,880,881,882,883
825,875,876,877,878,879,880,881,882,883,884
826,876,877,878,879,880,881,882,883,884,885
827,877,878,879,880,881,882,883,884,885,886
828,878,879,880,881,882,883,884,885,886,887
829,879,880,881,882,883,884,885,886,887,888
830,880,881,882,883,884,885,886,887,888,889
831,881,882,883,884,885,886,887,888,889,890
832,882,883,884,885,886,887,888,889,890,891
833,883,884,885,886,887,888,889,890,891,892
834,884,885,886,887,888,889,890,891,892,893
835,885,886,887,888,889,890,891,892,893,894
836,886,887,888,889,890,891,892,893,894,895
837,887,888,889,890,891,892,893,894,895,896
838,888,889,890,891,892,893,894,895,896,897
839,889,890,891,892,893,894,895,896,897,898
840,890,891,892,893,894,895,896,897,898,899
841,891,892,893,894,895,896,897,898,899,900
842,892,893,894,895,896,897,898,899,900,901
843,893,894,895,896,897,898,899,900,901,902
844,894,895,896,897,898,899,900,901,902,903
845,895,896,897,898,899,900,901,902,903,904
846,896,897,898,899,900,901,902,903,904,905
847,897,898,899,900,901,902,903,904,905,906
848,898,899,900,901,902,903,904,905,906,907
849,899,900,901,902,903,904,905,906,907,908
850,900,901,902,903,904,905,906,907,908,909
851,901,902,903,904,905,906,907,908,909,910
852,902,903,904,905,906,907,908,909,910,911
853,903,904,905,906,907,908,909,910,911,912
854,904,905,906,907,908,909,910,911,912,913
855,905,906,907,908,909,910,911,912,913,914
856,906,907,908,909,910,911,912,913,914,915
857,907,908,909,910,911,912,913,914,915,916
858,908,909,910,911,912,913,914,915,916,917
859,909,910,911,912,913,914,915,916,917,918
860,910,911,912,913,914,915,916,917,918,919
861,911,912,913,914,915,916,917,918,919,920
862,912,913,914,915,916,917,918,919,920,921
863,913,914,915,916,917,918,919,920,921,922
864,914,915,916,917,918,919,920,921,922,923
865,915,916,917,918,919,920,921,922,923,924
866,916,917,918,919,920,921,922,923,924,925
867,917,918,919,920,921,922,923,924,925,926
868,918,919,920,921,922,923,924,925,926,927
869,919,920,921,922,923,924,925,926,927,928
870,920,921,922,923,924,925,926,927,928,929
871,921,922,923,924,925,926,927,928,929,930
872,922,923,924,925,926,927,928,929,930,931
873,923,924,925,926,927,928,929,930,931,932
874,924,925,926,927,928,929,930,931,932,933
875,925,926,927,928,929,930,931,932,933,934
876,926,927,928,929,930,931,932,933,934,935
877,927,928,929,930,931,932,933,934,935,936
878,928,929,930,931,932,933,934,935,936,937
879,929,930,931,932,933,934,935,936,937,938
880,930,931,932,933,934,935,936,937,938,939
881,931,932,933,934,935,936,937,938,939,940
882,932,933,934,935,936,937,938,939,940,941
883,933,934,935,936,937,938,939,940,941,942
884,934,935,936,937,938,939,940,941,942,943
885,935,936,937,938,939,940,941,942,943,944
886,936,937,938,939,940,941,942,943,944,945
887,937,938,939,940,941,942,943,944,945,946
888,938,939,940,941,942,943,944,945,946,947
889,939,940,941,942,943,944,945,946,947,948
890,940,941,942,943,944,945,946,947,948,949
891,941,942,943,944,945,946,947,948,949,950
892,942,943,944,945,946,947,948,949,950,951
893,943,944,945,946,947,948,949,950,951,952
894,944,945,946,947,948,949,950,951,952,953
895,945,946,947,948,949,950,951,952,953,954
896,946,947,948,949,950,951,952,953,954,955
897,947,948,949,950,951,952,953,954,955,956
898,948,949,950,951,952,953,954,955,956,957
899,949,950,951,952,953,954,955,956,957,958
900,950,951,952,953,954,955,956,957,958,959
901,951,952,953,954,955,956,957,958,959,960
902,952,953,954,955,956,957,958,959,960,961
903,953,954,955,956,957,958,959,960,961,962
904,954,955,956,957,958,959,960,961,962,963
905,955,956,957,958,959,960,961,962,963,964
906,956,957,958,959,960,961,962,963,964,965
907,957,958,959,960,961,962,963,964,965,966
908,958,959,960,961,962,963,964,965,966,967
909,959,960,961,962,963,964,965,966,967,968
910,960,961,962,963,964,965,966,967,968,969
911,961,962,963,964,965,966,967,968,969,970
912,962,963,964,965,966,967,968,969,970,971
913,963,964,965,966,967,968,969,970,971,972
914,964,965,966,967,968,969,970,971,972,973
915,965,966,967,968,969,970,971,972,973,974
916,966,967,968,969,970,971,972,973,974,975
917,967,968,969,970,971,972,973,974,975,976
918,968,969,970,971,972,973,974,975,976,977
919,969,970,971,972,973,974,975,976,977,978
920,970,971,972,973,974,975,976,977,978,979
921,971,972,973,974,975,976,977,978,979,980
922,972,973,974,975,976,977,978,979,980,981
923,973,974,975,976,977,978,979,980,981,982
924,974,975,976,977,978,979,980,981,982,983
925,975,976,977,978,979,980,981,982,983,984
926,976,977,978,979,980,981,982,983,984,985
927,977,978,979,980,981,982,983,984,985,986
928,978,979,980,981,982,983,984,985,986,987
929,979,980,981,982,983,984,985,986,987,988
930,980,981,982,983,984,985,986,987,988,989
931,981,982,983,984,985,986,987,988,989,990
932,982,983,984,985,986,987,988,989,990,991
933,983,984,985,986,987,988,989,990,991,992
934,984,985,986,987,988,989,990,991,992,993
935,985,986,987,988,989,990,991,992,993,994
936,986,987,988,989,990,991,992,993,994,995
937,987,988,989,990,991,992,993,994,995,996
938,988,989,990,991,992,993,994,995,996,997
939,989,990,991,992,993,994,995,996,997,998
940,990,991,992,993,994,995,996,997,998,999
941,991,992,993,994,995,996,997,998,999,1000
942,992,993,994,995,996,997,998,999,1000,1001
943,993,994,995,996,997,998,999,1000,1001,1002
944,994,995,996,997,998,999,1000,1001,1002,1003
945,995,996,997,998,999,1000,1001,1002,1003,1004
946,996,997,998,999,1000,1001,1002,1003,1004,1005
947,997,998,999,1000,1001,1002,1003,1004,1005,1006
948,998,999,1000,1001,1002,1003,1004,1005,1006,1007
949,999,1000,1001,1002,1003,1004,1005,1006,1007,1008
950,1000,1001,1002,1003,1004,1005,1006,1007,1008,1009
951,1001,1002,1003,1004,1005,1006,1007,1008,1009,1010
952,1002,1003,1004,1005,1006,1007,1008,1009,1010,1011
953,1003,1004,1005,1006,1007,1008,1009,1010,1011,1012
954,1004,1005,1006,1007,1008,1009,1010,1011,1012,1013
955,1005,1006,1007,1008,1009,1010,1011,1012,1013,1014
956,1006,1007,1008,1009,1010,1011,1012,1013,1014,1015
957,1007,1008,1009,1010,1011,1012,1013,1014,1015,1016
958,1008,1009,1010,1011,1012,1013,1014,1015,1016,1017
959,1009,1010,1011,1012,1013,1014,1015,1016,1017,1018
960,1010,1011,1012,1013,1014,1015,1016,1017,1018,1019
961,1011,1012,1013,1014,1015,1016,1017,1018,1019,1020
962,1012,1013,1014,1015,1016,1017,1018,1019,1020,1021
963,1013,1014,1015,1016,1017,1018,1019,1020,1021,1022
964,1014,1015,1016,1017,1018,1019,1020,1021,1022,1023
965,1015,1016,1017,1018,1019,1020,1021,1022,1023,1024
966,1016,1017,1018,1019,1020,1021,1022,1023,1024,1025
967,1017,1018,1019,1020,1021,1022,1023,1024,1025,1026
968,1018,1019,1020,1021,1022,1023,1024,1025,1026,1027
969,1019,1020,1021,1022,1023,1024,1025,1026,1027,1028
970,1020,1021,1022,1023,1024,1025,1026,1027,1028,1029
971,1021,1022,1023,1024,1025,1026,1027,1028,1029,1030
972,1022,1023,1024,1025,1026,1027,1028,1029,1030,1031
973,1023,1024,1025,1026,1027,1028,1029,1030,1031,1032
974,1024,1025,1026,1027,1028,1029,1030,1031,1032,1033
975,1025,1026,1027,1028,1029,1030,1031,1032,1033,1034
976,1026,1027,1028,1029,1030,1031,1032,1033,1034,1035
977,1027,1028,1029,1030,1031,1032,1033,1034,1035,1036
978,1028,1029,1030,1031,1032,1033,1034,1035,1036,1037
979,1029,1030,1031,1032,1033,1034,1035,1036,1037,1038
980,1030,1031,1032,1033,1034,1035,1036,1037,1038,1039
981,1031,1032,1033,1034,1035,1036,1037,1038,1039,1040
982,1032,1033,1034,1035,1036,1037,1038,1039,1040,1041
983,1033,1034,1035,1036,1037,1038,1039,1040,1041,1042
984,1034,1035,1036,1037,1038,1039,1040,1041,1042,1043
985,1035,1036,1037,1038,1039,1040,1041,1042,1043,1044
986,1036,1037,1038,1039,1040,1041,1042,1043,1044,1045
987,1037,1038,1039,1040,1041,1042,1043,1044,1045,1046
988,1038,1039,1040,1041,1042,1043,1044,1045,1046,1047
989,1039,1040,1041,1042,1043,1044,1045,1046,1047,1048
990,1040,1041,1042,1043,1044,1045,1046,1047,1048,1049
991,1041,1042,1043,1044,1045,1046,1047,1048,1049,1050
992,1042,1043,1044,1045,1046,1047,1048,1049,1050,1051
993,1043,1044,1045,1046,1047,1048,1049,1050,1051,1052
994,1044,1045,1046,1047,1048,1049,1050,1051,1052,1053
995,1045,1046,1047,1048,1049,1050,1051,1052,1053,1054
996,1046,1047,1048,1049,1050,1051,1052,1053,1054,1055
997,1047,1048,1049,1050,1051,1052,1053,1054,1055,1056
998,1048,1049,1050,1051,1052,1053,1054,1055,1056,1057
999,1049,1050,1051,1052,1053,1054,1055,1056,1057,1058
1000,1050,1051,1052,1053,1054,1055,1056,1057,1058,1059